first_name,last_name,email,password,role
yuba,affass,yuba@gmail.com,123,Prof
kiwan,mass,mass@gmail.com,123,Admin
tanina,riban,riban@gmail.com,123,Etudiant
anir,lhbaz,anir@gmail.com,123,Prof
zizo,dirr,zizo@gmail.com,123,Etudiant
