first_name,last_name,email,adresse
yuba,affass,yuba@gmail.com,ouahran
kiwan,mass,mass@gmail.com,canar
tanina,riban,riban@gmail.com,ouajda
siwa,niwra,niwra@gmail.com,azrou
tayla,niran,niran@gmail.com,tiziouazo
